"main","code","level","title","description"
"A","01","divisione","PRODUZIONI VEGETALI E ANIMALI, CACCIA E SERVIZI CONNESSI","Questa divisione include due attività di base: la produzione derivante da coltivazioni agricole e la produzione di prodotti animali.\nIl gruppo 01.5 (Coltivazioni agricole associate all'allevamento di animali: attività mista) costituisce una eccezione ai principi generali adottati per l'identificazione dell'attività principale. Si ammette che molte unità agricole possano avere una ben bilanciata produzione sia agricola che animale. In questo caso sarebbe arbitrario classificare tali unità in una categoria o nell'altra.\nQuesta divisione include la coltivazione di colture fuori suolo, come ad esempio utilizzando tecniche di coltivazione idroponiche o acquaponiche.\nL'acquaponica rappresenta un sistema produttivo che prevede la produzione combinata di prodotti agricoli e prodotti della pesca: le attività che utilizzano tale tecnica sono classificate nella divisione 01 solo se le coltivazioni agricole rappresentano il principale output dell'attività, altrimenti sono classificate nella divisione 03.\nSono invece considerate coltivazioni ottenute con tecniche convenzionali anche quelle dove la pianta sia allevata in contenitori e non a terra.\nQuesta divisione include anche attività di servizio accessorie all'agricoltura, alla caccia e alle attività a queste connesse.\nLe attività agricole escludono qualsiasi lavorazione successiva dei prodotti agricoli (classificata nelle divisioni 10, 11 e 12), ad eccezione di quelle necessarie per preparare i prodotti per i mercati primari. La preparzione dei prodotti per i mercati primari è infatti inclusa in questa divisione.\nlavori di movimento terra per l'agricoltura (ad esempio, terrazzamento di terreni agricoli, drenaggio, preparazione di risaie, eccetera), cfr. sezione F\nattività di acquirenti e associazioni cooperative che svolgono attività di commercializzazione di prodotti agricoli, cfr. sezione G\nattività di cura e manutenzione del paesaggio, cfr. 81.30\nIn agricoltura una situazione frequente in cui la ripartizione del valore aggiunto tra le diverse attività svolte presenta delle difficoltà si verifica, ad esempio, quando una unità coltiva uva e produce vino con l'uva di propria produzione, oppure quando coltiva olive e produce olio dalle olive di propria produzione. In questi casi, la variabile di misura più adeguata da utilizzare come sostituto del valore aggiunto per determinare l'attività economica principale è il ""numero di ore lavorate"". L'applicazione di tale misura ad attività come queste, vale a dire integrate verticalmente, porta, generalmente, alla loro classificazione nella sezione Agricoltura. Come per gli altri prodotti agricoli, le unità devono essere classificate nella sezione Agricoltura per convenzione, al fine di garantire un trattamento armonizzato."
"A","02","divisione","SILVICOLTURA E UTILIZZO DI AREE FORESTALI","Questa divisione include la silvicoltura e la produzione di legno grezzo nonché l'estrazione e la raccolta di prodotti forestali non legnosi. Oltre alla produzione di legname (sotto forma di tronchi (tondame)) le attività forestali danno origine a prodotti poco lavorati, quali la legna da ardere, carbone di legna, legname triturato e tronchi (tondame) utilizzati in forma non lavorata (per esempio, puntelli per miniere, pasta di cellulosa). Queste attività possono essere svolte in foreste naturali, seminaturali o create dall'uomo.\nogni ulteriore trattamento del legno a cominciare da taglio e piallatura, cfr. divisione 16"
"A","03","divisione","PESCA E ACQUACOLTURA","Questa divisione include la pesca e l'acquacoltura, e include lo sfruttamento delle risorse ittiche da ambienti marini, salmastri o in acque dolci, allo scopo di catturare o raccogliere pesci, crostacei, molluschi o altri organismi marini (per esempio, piante acquatiche, perle, spugne)\nLa divisione include anche attività di servizi inerenti la pesca o l'acquacoltura marine o in acque dolci.\nQuesta divisione include anche l'acquaponica, un sistema produttivo che prevede la produzione combinata di prodotti agricoli e prodotti della pesca: le attività che utilizzano tale tecnica sono classificate nella divisione 01 solo se le coltivazioni agricole rappresentano il principale output dell'attività, altrimenti sono classificate nel gruppo 03.2.\nlavorazione di pesce, crostacei e molluschi su navi officina o in stabilimenti a terra, cfr. 10.20\ncostruzione e riparazione di navi e imbarcazioni, cfr. 30.11, 30.13, 33.15, 33.18\nattività di pesca praticata per scopi sportivi o ricreativi, cfr. 93.19"
"B","05","divisione","ESTRAZIONE DI CARBONE E LIGNITE","Questa divisione include l'estrazione di combustibili minerali solidi attraverso le attività di estrazione in sotterraneo o a cielo aperto e include le operazioni necessarie per ottenere un prodotto commerciabile (ad esempio, cernita, lavaggio, compressione e altre fasi necessarie al trasporto).\nservizi connessi all'estrazione di carbone o lignite, cfr. 09.90\ncokeria, cfr. 19.10\nbricchettatura, cfr. 19.20"
"B","06","divisione","ESTRAZIONE DI PETROLIO GREGGIO E GAS NATURALE","Questa divisione include la produzione di petrolio greggio (grezzo), l'estrazione di oli da scisti bituminosi e sabbie petrolifere, la produzione di gas naturale e il recupero di idrocarburi liquidi. Include anche le attività di gestione e/o sviluppo dei siti che contengono oli e gas naturali. Tali attività possono includere la trivellazione, il completamento e l'allestimento dei pozzi; l'uso di separatori, di attrezzature per la rottura dell'emulsione, di apparecchiature per la fangatura e di linee di raccolta per il petrolio greggio; sono incluse anche tutte le altre attività legate alla preparazione del petrolio e del gas dal sito di produzione al punto di spedizione.\nattività di supporto ai giacimenti di petrolio e di gas effettuate su base remunerativa o contrattuale (per conto terzi), cfr. 09.10\nattività di esplorazione di petrolio e gas, cfr. 09.10\ntrivellazioni di prova connesse all'estrazione di petrolio o gas, cfr. 09.10\nraffinazione di prodotti petroliferi, cfr. 19.20\nprospezioni geofisiche, geologiche e sismiche, cfr. 71.12"
"B","07","divisione","ESTRAZIONE DI MINERALI METALLIFERI","Questa divisione include l'estrazione di minerali metalliferi, in sotterraneo o a cielo aperto, estrazioni marine, eccetera.\nQuesta divisione include anche le operazioni di trattamento e beneficenza di minerali, come ad esempio frantumazione, macinazione, lavaggio, essiccazione, sinterizzazione, calcinazione o lisciviazione di minerali, operazioni di separazione per gravità o di flottazione.\narrostimento di piriti ferrose, cfr. 20.13\ngestione di altiforni, cfr. divisione 24\nproduzione di ossido di alluminio, cfr. 24.42"
"B","08","divisione","ALTRE ATTIVITÀ ESTRATTIVE","Questa divisione include non solo l'estrazione da cave e miniere, ma anche il dragaggio di depositi alluvionali, la frantumazione di rocce e l'utilizzo di paludi salmastre. I prodotti vengono utilizzati principalmente per le costruzioni (ad esempio: sabbie, pietre), la produzione di materiali (ad esempio, argilla, pietra di gesso, calcio) e la fabbricazione di prodotti chimici, eccetera.\nlavorazione dei minerali estratti (esclusi frantumazione, macinazione, taglio, lavaggio, essiccazione, cernita e miscelazione), cfr. sezione C"
"B","09","divisione","ATTIVITÀ DEI SERVIZI DI SUPPORTO ALL'ESTRAZIONE","Questa divisione include i servizi di supporto specialistico alle attività di estrazione su base remunerativa o contrattuale (per conto terzi).\nInclude i servizi di esplorazione, effettuati tramite metodi tradizionali come ad esempio la raccolta di campioni e le osservazioni geologiche, oltre alla trivellazione, ai test di trivellazione, alla ritrivellazione di pozzi petroliferi e di miniere di minerali metalliferi e non metalliferi.\nAltri servizi tipici riguardano la costruzione delle fondamenta per i pozzi petroliferi e di gas, l'intonacatura delle pareti dei pozzi, il lavaggio, lo spurgo e la pulitura dei pozzi, il drenaggio e il pompaggio delle miniere, eccetera."
"C","10","divisione","PRODUZIONE DI PRODOTTI ALIMENTARI","Questa divisione include la trasformazione dei prodotti dell'agricoltura, della silvicoltura e della pesca in alimenti per l'uomo o per gli animali, e include la produzione di vari prodotti intermedi che non sono direttamente prodotti alimentari. L'attività genera spesso prodotti associati di valore più o meno elevato (ad esempio, pelli dalla macellazione o panelli dalla produzione di olio).\nQuesta divisione è organizzata per attività che si occupano di diversi tipi di prodotti: carne, pesce, frutta e ortaggi (verdura), grassi e oli, prodotti lattiero-caseari, prodotti della lavorazione delle granaglie, mangimi e altri prodotti alimentari. La produzione può essere effettuata per conto proprio o per conto terzi, come nel caso della macellazione su ordinazione.\nAlcune attività sono considerate manifatturiere (ad esempio, quelle svolte in panifici, pasticcerie, negozi di carni preparate eccetera che vendono la propria produzione) anche se i prodotti sono venduti al dettaglio presso il negozio del produttore stesso. Tuttavia, quando tali prodotti subiscono una lavorazione minima che non determina una vera e propria trasformazione dei prodotti stessi, l'unità è classificata nella sezione G.\nQuesta divisione include anche la produzione di liquidi considerati alimentari o che utilizzano processi di produzione simili, ad esempio latte e succhi o concentrati di frutta.\npreparazione di pasti per il consumo immediato, cfr. divisione 56"
"C","11","divisione","PRODUZIONE DI BEVANDE","Questa divisione include la produzione di bevande, come ad esempio, le bevande analcoliche e l'acqua minerale, la produzione di bevande alcoliche principalmente attraverso la fermentazione, la birra  e la produzione di bevande alcoliche distillate.\nproduzione di succhi a base di  frutta e ortaggi, cfr. 10.32\nproduzione di bevande a base di latte, cfr. 10.51\nproduzione di prodotti a base di caffè, tè e matè, cfr. 10.83"
"C","12","divisione","PRODUZIONE DI TABACCHI","Questa divisione include la trasformazione di un prodotto agricolo, il tabacco, in una forma adatta al consumo finale."
"C","13","divisione","FABBRICAZIONE DI TESSILI","Questa divisione include la preparazione e la filatura di fibre tessili nonché la tessitura, il finissaggio di prodotti tessili e di abbigliamento, la fabbricazione di tessili tecnici, la fabbricazione di articoli tessili confezionati (ad esempio, biancheria per la casa, coperte, tappeti, corde), esclusi gli articoli di abbigliamento.\ncoltivazione di fibre naturali, cfr. divisione 01\nfabbricazione di articoli di abbigliamento, cfr. divisione 14\nfabbricazione di fibre sintetiche e artificiali, cfr. 20.60"
"C","14","divisione","CONFEZIONE DI ARTICOLI DI ABBIGLIAMENTO","Questa divisione include tutte le lavorazioni sartoriali (pronte per l'uso o su misura), realizzate in tutti i materiali (ad esempio, pelle, pelliccia, tessuti a maglia e all'uncinetto), di tutti i capi di abbigliamento (ad esempio, abbigliamento esterno, biancheria intima per uomo, donna o bambino; abbigliamento da lavoro, da città o casual) e degli accessori. Non si fa alcuna distinzione tra abbigliamento per adulti e abbigliamento per bambini.\nQuesta divisione include anche la fabbricazione di articoli di abbigliamento, accessori di abbigliamento e altri articoli di pelle da pelliccia.\nriparazione di articoli di abbigliamento, cfr. 95.29"
"C","15","divisione","FABBRICAZIONE DI PELLI E CUOI E ARTICOLI IN PELLE E SIMILI DI ALTRI MATERIALI","Questa divisione include la preparazione e la tintura di pellicce, la trasformazione delle pelli in cuoio tramite trattamento o conciatura e la fabbricazione in cuoio di articoli destinati al consumo finale.\nInclude anche la fabbricazione di prodotti sostitutivi diretti (prodotti simili) realizzati con materiali diversi dal cuoio, come ad esempio, calzature in gomma e valigeria in tessuto. I prodotti realizzati con materiali sostitutivi del cuoio sono inclusi in questa divisione, perché sono realizzati in modi simili a quelli in cui sono realizzati i prodotti in cuoio (ad esempio, le valigie) e sono spesso prodotti dalla stessa unità economica."
"C","16","divisione","PRODUZIONE E LAVORAZIONE DEL LEGNO E DEI PRODOTTI A BASE DI LEGNO E SUGHERO, ESCLUSI I MOBILI; FABBRICAZIONE DI ARTICOLI IN PAGLIA E MATERIALE DA INTRECCIO","Questa divisione include la fabbricazione di prodotti in legno, quali legname da costruzione, compensato, fogli da impiallacciatura, contenitori in legno, pavimenti in legno, capriate in legno, edifici prefabbricati in legno, produzione di combustibili solidi da biomassa vegetale e finitura di prodotti in legno. Le operazioni di produzione comprendono il taglio, la piallatura, la sagomatura, la laminatura, l'assemblaggio di prodotti in legno a partire da tronchi tagliati in travi o da legname da costruzione che può essere ulteriormente tagliato o sagomato da torni o altri utensili. Il legname da costruzione o gli altri elementi in legno trasformati possono essere ulteriormente piallati o levigati e montati in prodotti finiti come i contenitori in legno.\nAd eccezione delle attività di taglio (tipiche delle segherie) la divisione è organizzata principalmente in base ai prodotti specifici fabbricati.\nfabbricazione di mobili, cfr. 31.00\nposa in opera di articoli in legno, eccetera, cfr. 43.32, 43.33, 43.35"
"C","17","divisione","FABBRICAZIONE DI CARTA E DI PRODOTTI DI CARTA","Questa divisione include la fabbricazione di pasta-carta, carta, prodotti di carta trasformati e la fabbricazione di prodotti riciclati da legno, carta, cartone e cartoncino.\nLa fabbricazione di questi prodotti è raggruppata all'interno della stessa divisione perché costituisce una serie di processi integrati verticalmente. Una stessa unità spesso effettua più di una sola di queste attività.\nLa fabbricazione di pasta-carta implica la separazione delle fibre di cellulosa dalle altre impurità presenti nel legno o la disinchiostrazione della carta usata, e la miscelazione di piccole quantità di reagenti per rafforzare il legame delle fibre.\nI prodotti cartotecnici trasformati sono realizzati con varie tecniche a partire dalla carta e da altri materiali.\nLa fabbricazione di articoli di carta stampata (come ad esempio, carta da parati, carta da regalo) è inclusa in questa divisione a condizione che l'attività di stampa non costituisca lo scopo principale.\nLa produzione di pasta-carta, carta e cartone in forma grezza è inclusa nel gruppo 17.1, mentre le altre classi comprendono la produzione di carta e prodotti di carta ulteriormente lavorati."
"C","18","divisione","STAMPA E RIPRODUZIONE DI SUPPORTI REGISTRATI","Questa divisione include le attività di stampa di prodotti, come ad esempio giornali, libri, periodici, moduli commerciali e biglietti d'auguri, le attività di stampa su magliette e altri tipi di materiali, e le attività di supporto connesse, come la legatoria, i servizi di preparazione di lastre, di conversione di dati in immagini. Le attività di supporto incluse in questa divisione sono parte integrante dell'industria grafica in quanto il risultato di tali operazioni è un prodotto (lastre da stampa, libri rilegati, dischi o file per computer) che costituisce parte integrante dell'industria grafica.\nLa proprietà del materiale in ingresso è irrilevante ai fini della classificazione delle attività di stampa e riproduzione di supporti registrati. La divisione 18 copre esplicitamente le attività di elaborazione.\nI processi utilizzati nella stampa comprendono vari metodi per trasferire un'immagine da una lastra, da uno schermo o da un supporto informatico ad un supporto di carta, plastica, metallo, articoli tessili, legno. Il metodo più importante consiste nel trasferire l'immagine da una lastra o uno schermo al supporto mediante un procedimento di stampa litografica, rotocalcografica, serigrafica, flessografica. Spesso il supporto informatico viene utilizzato per creare un testo o un'immagine che vengono stampati mediante sistemi di stampa elettronici (stampanti laser o inkjet).\nSebbene la stampa e l'editoria possano essere svolte dalla stessa unità (un giornale, ad esempio), è sempre meno frequente che queste attività distinte siano svolte nello stesso luogo fisico.\nQuesta divisione include anche le attività di riproduzione di supporti registrati, come ad esempio compact disc, registrazioni video, software su dischi o nastri, dischi.\nattività di editoria, cfr. sezione J\nfabbricazione di prodotti con stampanti 3D, cfr. classe corrispondente in base al prodotto e al materiale utilizzato"
"C","19","divisione","FABBRICAZIONE DI COKE E PRODOTTI DERIVANTI DALLA RAFFINAZIONE DEL PETROLIO","Questa divisione include la trasformazione di petrolio greggio e di carbon fossile in prodotti utilizzabili. Il processo principale è rappresentato dalla raffinazione del petrolio che comporta la separazione del petrolio greggio nei suoi componenti per mezzo di tecniche quali la piroscissione e la distillazione.\nQuesta divisione include la fabbricazione di gas come etano, propano e butano come prodotti delle raffinerie di petrolio.\nQuesta divisione include inoltre la fabbricazione per conto proprio di prodotti caratteristici (come ad esempio, coke, butano, propano, benzina, cherosene, olio combustibile) e di servizi di trasformazione (ad esempio, la raffinazione su richiesta del cliente).\nestrazione di gas naturale (metano, etano, butano o propano), cfr. 06.20\nfabbricazione di prodotti petrolchimici a partire da petrolio raffinato e fabbricazione di biocarburanti liquidi, cfr. divisione 20\nfabbricazione di gas industriali, cfr. 20.11\nfabbricazione di tali gas (come ad esempio, butano, propano) in altre unità (ad esempio, nell'industria chimica), cfr. 20.14\nfabbricazione di gas diversi dai gas petroliferi per la fornitura di combustibili gassosi attraverso una rete di fornitura permanente (ad esempio, gas di carbon fossile, gas d'acqua, gas di gassogeno, gas di produzione industriale), cfr. 35.21"
"C","20","divisione","FABBRICAZIONE DI PRODOTTI CHIMICI","Questa divisione include la trasformazione di materiale organico e inorganico grezzo tramite processi chimici e la formazione di prodotti specifici. Si distingue la produzione di elementi chimici di base, che costituiscono il gruppo industriale primario, dalla produzione di prodotti intermedi e finali ottenuti tramite un'ulteriore lavorazione degli elementi chimici di base.\nQuesta divisione include anche la produzione di biocarburanti liquidi."
"C","21","divisione","FABBRICAZIONE DI PRODOTTI FARMACEUTICI DI BASE E DI PREPARATI FARMACEUTICI","Questa divisione include la fabbricazione di prodotti farmaceutici di base e preparati farmaceutici.\nÈ inclusa anche la fabbricazione di prodotti medicinali chimici e botanici."
"C","22","divisione","FABBRICAZIONE DI ARTICOLI IN GOMMA E MATERIE PLASTICHE","Questa divisione include la fabbricazione di prodotti in gomma e plastica.\nQuesta divisione si caratterizza per le materie prime utilizzate nel processo di produzione. Tuttavia, questo non implica che la fabbricazione di tutti i prodotti realizzati con questi materiali sia classificata in questa divisione.\nQuesta divisione include anche la fabbricazione di prodotti in materiali compositi in cui la plastica rappresenta il materiale predominante."
"C","23","divisione","FABBRICAZIONE DI ALTRI PRODOTTI DELLA LAVORAZIONE DI MINERALI NON METALLIFERI","Questa divisione include le attività di produzione relative a una singola sostanza di origine minerale. Questa divisione include la fabbricazione di vetro e prodotti in vetro (ad esempio vetro piano, vetro cavo, fibre, vetro tecnico), prodotti ceramici, piastrelle e prodotti in argilla cotta, cemento, calcestruzzo e gesso, dalle materie prime agli articoli finiti.\nIn questa divisione è inclusa anche la produzione di pietre sagomate e finite e di altri prodotti minerali.\nQuesta divisione include anche la fabbricazione di prodotti di materiali compositi in cui vetro e minerali non metallici, ad esempio sabbia, ghiaia, pietra o argilla, sono materiali predominanti."
"C","24","divisione","ATTIVITÀ METALLURGICHE","Questa divisione include le attività di fusione e/o affinazione di metalli ferrosi e non ferrosi a partire da minerale, sughero, rifiuti metallici o rottami utilizzando tecniche di elettrometallurgia e altre tecniche di metallurgia di processo.\nQuesta divisione include anche la produzione di leghe e superleghe metalliche mediante l'introduzione di altri elementi chimici nei metalli puri. Il prodotto della fusione e dell'affinazione, solitamente sotto forma di lingotti, viene utilizzato per operazioni di laminazione, trafilatura ed estrusione per la produzione di prodotti, ad esempio lastre, fogli, nastri, barre, tondini, fili o tubi, tubi e profili cavi, in forma fusa per la produzione di getti e altri prodotti metallici di base."
"C","25","divisione","FABBRICAZIONE DI PRODOTTI IN METALLO, ESCLUSI MACCHINARI E ATTREZZATURE","Questa divisione include la fabbricazione di prodotti metallici puri (ad esempio parti, contenitori e strutture), di solito con una funzione statica e fissa, in contrapposizione alle successive divisioni 26, 27, 28, 29,30, che coprono la fabbricazione di combinazioni o assemblaggi di tali prodotti metallici (a volte con altri materiali) in unità più complesse che, a meno che non siano puramente elettriche, elettroniche o ottiche, funzionano con parti in movimento.\nQuesta divisione include anche la fabbricazione di prodotti in materiali compositi in cui i metalli sono il materiale predominante.\nLa produzione di armi e munizioni è inclusa in questa divisione.\nattività di riparazione e manutenzione specializzate di prodotti in metallo, macchine e apparecchiature, cfr. 33.1\ninstallazione specializzata in edifici di beni finali prodotti in questa divisione, come ad esempio l'installazione di caldaie per il riscaldamento centrale, cfr. 43.22"
"C","26","divisione","FABBRICAZIONE DI COMPUTER E PRODOTTI DI ELETTRONICA E OTTICA","Questa divisione include la fabbricazione di computer, unità periferiche, apparecchiature per le comunicazioni, e prodotti di elettronica simili, come pure la fabbricazione di componenti di tali prodotti. I processi di produzione di questa divisione sono caratterizzati dalla progettazione e dall'impiego di circuiti integrati e dall'applicazione di tecnologie di miniaturizzazione ad elevata specializzazione.\nLa divisione include anche la fabbricazione di apparecchiature di elettronica di consumo audio e video, strumenti di misurazione, prova e navigazione, strumenti per l'irradiazione, apparecchi elettromedicali ed elettroterapeutici, strumenti ed apparecchiature ottiche, nonché la fabbricazione di supporti magnetici e ottici.\nfabbricazione di conduttori per uso elettronico e di cavi a fibra ottica, cfr. divisione 27"
"C","27","divisione","FABBRICAZIONE DI APPARECCHIATURE ELETTRICHE","Questa divisione include la fabbricazione di prodotti che generano, distribuiscono e utilizzano la corrente elettrica.\nÈ, inoltre, inclusa la fabbricazione di sistemi di illuminazione, apparecchi di segnalazione ed elettrodomestici.\nfabbricazione di prodotti elettronici, cfr. divisione 26"
"C","28","divisione","FABBRICAZIONE DI MACCHINARI E APPARECCHIATURE N.C.A.","Questa divisione include la fabbricazione di macchinari e apparecchiature che intervengono meccanicamente o termicamente sui materiali o sui processi di lavorazione (come ad esmepio, manipolazione, spruzzatura, pesatura o confezionamento), inclusi i loro componenti meccanici che producono e applicano forza, e qualsiasi parte primaria appositamente fabbricata. Questa divisione include apparecchi fissi e mobili o portatili a prescindere dal fatto che siano stati progettati per uso industriale, per l'edilizia e l'ingegneria civile, per uso agricolo o domestico. Inoltre è inclusa in questa divisione la fabbricazione di alcune apparecchiature speciali per il trasporto di passeggeri o di merci all'interno di locali delimitati.\nQuesta divisione opera una distinzione tra la fabbricazione di macchinari per impieghi speciali, vale a dire macchinari per uso esclusivo in una specifica attività economica o in piccoli raggruppamenti di attività economiche, e macchinari di impiego generale, vale a dire macchinari utilizzabili in una vasta gamma di attività economiche previste nella classificazione NACE.\nQuesta divisione include anche la fabbricazione di macchinari per impieghi speciali, non presenti altrove in questa classificazione, utilizzati o meno in un processo di fabbricazione, come ad esempio le attrazioni di divertimento (ad esempio per parchi di divertimento), le apparecchiature per piste da bowling automatiche eccetera.\nfabbricazione di prodotti in metallo per uso generale, cfr. divisione 25\nfabbricazione di apparecchi di controllo associati, strumenti computerizzati, strumenti di misurazione e prova, apparecchiature per la distribuzione e il controllo della elettricità, cfr. divisioni 26, 27\nfabbricazione di autoveicoli per uso generico, cfr. divisione 29"
"C","29","divisione","FABBRICAZIONE DI AUTOVEICOLI, RIMORCHI E SEMIRIMORCHI","Questa divisione include la fabbricazione di autoveicoli per il trasporto di passeggeri o merci. È inclusa la fabbricazione di parti e accessori vari per autoveicoli, nonché la fabbricazione di rimorchi e semi-rimorchi.\nattività di riparazione e manutenzione di autoveicoli prodotti in questa divisione (divisione 29), cfr. 95.31"
"C","30","divisione","FABBRICAZIONE DI ALTRI MEZZI DI TRASPORTO","Questa divisione include la fabbricazione di mezzi di trasporto quali navi ed imbarcazioni, di materiale rotabile ferro-tranviario e locomotive, aeromobili e veicoli spaziali, motocicli e biciclette, e loro parti, la cui fabbricazione non è inclusa in altre voci della classificazione"
"C","31","divisione","FABBRICAZIONE DI MOBILI","Questa divisione include la fabbricazione di mobili e di parti di essi, ad eccezione di fogli e lastre di vetro, pietra, calcestruzzo o materiali simili come parti di mobili.\nI processi utilizzati nella fabbricazione di mobili sono metodi standard di formatura dei materiali e di assemblaggio dei componenti, inclusi taglio, stampaggio e laminazione. Il design dell'articolo, sia per le qualità estetiche che per quelle funzionali, è un aspetto importante del processo di produzione.\nAlcuni dei processi utilizzati nella produzione di mobili sono simili a quelli utilizzati in altri settori manifatturieri. Ad esempio, il taglio e l'assemblaggio avvengono nella produzione di tralicci in legno, classificati nella divisione 16 (Produzione e lavorazione del legno e dei prodotti a base di legno e sughero, esclusi i mobili; fabbricazione di articoli in paglia e materiale da intreccio). Tuttavia, i processi multipli distinguono la produzione di mobili in legno dalla produzione di prodotti in legno. Allo stesso modo, la produzione di mobili in metallo utilizza tecniche che sono impiegate anche nella produzione di prodotti laminati classificati nella divisione 25 (Fabbricazione di prodotti in metallo, esclusi macchinari e attrezzature). Il processo di stampaggio di mobili in plastica è simile allo stampaggio di altri prodotti in plastica. Tuttavia, la produzione di mobili in plastica tende a essere un'attività specializzata."
"C","32","divisione","ALTRE ATTIVITÀ MANIFATTURIERE","Questa divisione include la fabbricazione di beni non inclusi in altre parti della classificazione. Poiché si tratta di una divisione residuale, i processi di produzione, le materie prime e l'utilizzo dei beni prodotti possono essere molto variabili, di conseguenza in questo caso non sono stati applicati i  consueti criteri di raggruppamento delle classi in divisioni."
"C","33","divisione","RIPARAZIONE, MANUTENZIONE E INSTALLAZIONE DI MACCHINE E APPARECCHIATURE","Questa divisione include la riparazione specializzata di beni prodotti dal settore manifatturiero con l'obiettivo di ripristinare il funzionamento di macchine, apparecchiature e altri prodotti. È inclusa l'erogazione di servizi di manutenzione generale o ordinaria (per esempio i servizi di assistenza) su tali prodotti per garantirne il funzionamento efficiente e per prevenire guasti e riparazioni non necessarie.\nQuesta divisione include solo le attività di riparazione e manutenzione da parte di unità specializzate. Una parte consistente delle riparazioni viene effettuata anche dai produttori di macchinari, attrezzature e altri beni; in questo caso, la classificazione delle unità impegnate in queste attività di riparazione e produzione avviene secondo il principio del valore aggiunto, che spesso assegna queste attività combinate alla produzione del bene. Lo stesso principio si applica alle attività combinate di commercio e riparazione.\nLa ricostruzione o la rifabbricazione di macchinari e attrezzature è considerata un'attività manifatturiera e rientra in altre divisioni di questa sezione.\nQuesta divisione include anche l'installazione specializzata di macchinari.\npulizia di macchinari industriali, cfr. 81.22\ninstallazione di attrezzature che formano parte integrante di edifici o strutture simili, ad esempio l'installazione di cavi elettrici, scale mobili o sistemi di condizionamento dell'aria, è classificata come costruzione, cfr. sezione F\nriparazione e manutenzione di computer e apparecchiature per le comunicazioni, cfr. 95.1\nriparazione e manutenzione di beni per la casa, cfr. 95.2\nriparazione e manutenzione di beni utilizzati come beni strumentali e come beni di consumo (ad esempio, riparazione di mobili per l'ufficio e per la casa), tipicamente classificate come riparazione e manutenzione di beni per la casa, cfr. 95.24\nriparazione e manutenzione di autoveicoli e motocicli, cfr. 95.3"
"D","35","divisione","FORNITURA DI ENERGIA ELETTRICA, GAS, VAPORE E ARIA CONDIZIONATA",""
"E","36","divisione","RACCOLTA, TRATTAMENTO E FORNITURA DI ACQUA","Questa divisione include la raccolta, il trattamento e la distribuzione di acqua agli utenti finali. È inclusa la raccolta da varie fonti e la distribuzione con vari mezzi."
"E","37","divisione","GESTIONE DELLE RETI FOGNARIE","Questa divisione include la gestione di sistemi fognari o di impianti di trattamento delle acque reflue che raccolgono, trattano, scaricano le acque reflue in corpi idrici o gestiscono bacini di raccolta in superficie.\nQuesta divisione include anche la gestione di impianti di trattamento delle acque reflue per il riutilizzo, come ad esempio per il trattamento di acque agricole, industriali, per la pulizia delle strade o per la raccolta di acque piovane."
"E","38","divisione","ATTIVITÀ DI RACCOLTA, RECUPERO E SMALTIMENTO DEI RIFIUTI","Questa divisione include la raccolta, il pretrattamento per il recupero o lo smaltimento, il recupero e lo smaltimento dei materiali di scarto e la relativa organizzazione.\nLa raccolta di rifiuti, che supporta esclusivamente il successivo recupero o smaltimento di rifiuti raccolti da parte della stessa unità, deve essere considerata come attività di recupero o smaltimento dei rifiuti.\nQuesta divisione include anche il trasporto locale di materiali di scarto e gestione di impianti di recupero dei materiali, ossia impianti che trasformano i rifiuti, inclusi i rottami, selezionati o meno, in materie prime secondarie.\nQuesta divisione include anche le attività delle unità che attuano gli obblighi di responsabilità del produttore per la gestione dei rifiuti per conto dei produttori originari di rifiuti. Queste organizzazioni di solito si assumono la responsabilità del trattamento dei rifiuti, delegata loro dai produttori originali di prodotti o imballaggi.\nLe attività possono includere  la gestione di sistemi di restituzione, raccolta e recupero degli imballaggi usati o dei rifiuti di imballaggio o l'accettazione e il trattamento dei prodotti restituiti o usati.\nattività di commercio all'ingrosso di rifiuti, cfr. divisione 46"
"E","39","divisione","ATTIVITÀ DI RISANAMENTO E ALTRI SERVIZI DI GESTIONE DEI RIFIUTI","Questa divisione include l'erogazione di servizi di risanamento (bonifica), ad esempio decontaminazione di edifici, siti o terreni contaminati, delle acque superficiali e delle acque del sottosuolo."
"F","41","divisione","COSTRUZIONE DI EDIFICI RESIDENZIALI E NON RESIDENZIALI","Questa divisione include la costruzione generale di edifici di ogni tipo e dimensione. Sono incluse le attività di costruzione, di riparazione, le aggiunte e le modifiche, nonché la costruzione di edifici prefabbricati che richiedono l'assemblaggio direttamente in loco (vale a dire nel sito di costruzione) e la costruzione di edifici di natura temporanea.\nÈ inclusa inoltre la costruzione di interi edifici, ad esempio abitazioni, uffici, negozi, nonché edifici di servizio o fabbricati rurali."
"F","42","divisione","INGEGNERIA CIVILE","Questa divisione include i lavori generali per la costruzione di opere di ingegneria civile. Include i nuovi lavori, le riparazioni, le aggiunte e le alterazioni, il montaggio di strutture prefabbricate in cantiere e anche le costruzioni di natura temporanea.\nÈ inclusa la costruzione di opere di ingegneria civile quali autostrade, strade, centrali elettriche, ponti, gallerie, ferrovie, campi di aviazione, porti e altre opere idrauliche, sistemi di irrigazione e di fognatura, condotte e linee elettriche, impianti sportivi all'aperto. Queste attività possono essere effettuate in conto proprio o su base remunerativa o contrattuale (per conto terzi). Il lavoro può essere effettuato totalmente o parzialmente in subappalto."
"F","43","divisione","LAVORI DI COSTRUZIONE SPECIALIZZATI","Questa divisione include i lavori specializzati nella costruzione di edifici e i lavori di ingegneria civile o le attività di preparazione a tale scopo. Si tratta solitamente di lavori di costruzione specializzati in un aspetto comune della costruzione di diverse tipologie di strutture, che richiedono competenze o attrezzature specializzate. I lavori di costruzione specializzati sono generalmente eseguiti da subappaltatori per conto di un appaltatore le cui attività rientrano nelle divisioni 41 e 42. Le attività di riparazione sono generalmente eseguite senza subappalto.\nSono inoltre incluse le attività di installazione di tutti i tipi di servizi, necessarie al funzionamento della costruzione. Tali attività vengono generalmente realizzate in cantiere, anche se alcune parti del lavoro possono essere eseguite al di fuori del cantiere.\nQuesta divisione include installazioni elettriche, idrauliche e altre costruzioni di tipo offshore su piattaforme galleggianti.\nIl noleggio di attrezzature edili con operatore (manovratore) è classificato tra i lavori di costruzione specializzati effettuati con queste attrezzature.\nQuesta divisione include anche i lavori di costruzione specializzati eseguiti come riparazione e manutenzione.\nQuesta divisione include anche le attività di completamento o finitura di edifici e di altre costruzioni."
"G","46","divisione","COMMERCIO ALL'INGROSSO","Questa divisione include il commercio all'ingrosso di beni fisici per conto proprio o su base remunerativa o contrattuale vale a dire per conto terzi (vendita su commissione), a livello nazionale o internazionale (import/export), anche su Internet.\nIl commercio all'ingrosso per conto proprio implica la proprietà dei beni scambiati fino al trasferimento della proprietà all'acquirente. Nel caso del commercio di transito, le merci sono commissionate da un acquirente, ma l'intermediario è proprietario delle merci mentre sono in transito; entrambi i casi sono quindi classificati allo stesso modo (gruppi 46.2-46.9).\nQuesta divisione include il commercio all'ingrosso su base remunerativa o contrattuale (gruppo 46.1), il commercio all'ingrosso specializzato (gruppi 46.2, 46.3, 46.4, 46.5, 46.6, 46.7) e il commercio all'ingrosso non specializzato (gruppo 46.9); la classe 46.39 rappresenta una eccezione poiché include il commercio all'ingrosso non specializzato di prodotti alimentari, bevande e tabacchi.\nLe regole per classificare le attività di commercio all'ingrosso come commercio all'ingrosso specializzato o non specializzato sono descritte nei paragrafi xx-xx delle linee guida introduttive.\nQuesta divisione include anche:\ncommercio di energia elettrica, cfr. 35.15\ncommercio di combustibili gassosi per la fornitura di energia tramite reti di distribuzione, cfr. 35.23\nnoleggio e leasing operativo di beni, cfr. divisione 77\nimballaggio di merci solide e imbottigliamento di merci liquide o gassose, incluse attività di miscelatura e filtraggio per conto terzi, cfr. 82.92\ncommercio all'ingrosso di autoveicoli e motocicli e loro parti, attrezzature e accessori\nattività di commercio di transito"
"G","47","divisione","COMMERCIO AL DETTAGLIO","Questa divisione include la rivendita (vendita senza trasformazione o dopo piccole alterazioni o manipolazioni usuali, ad esempio il ricondizionamento) di beni fisici nuovi e usati destinati principalmente ad uso e consumo personale o domestico, da parte di negozi, grandi magazzini, cooperative di consumatori, mercati e bancarelle, per corrispondenza, via Internet, tramite venditori porta a porta, ambulanti, distributori automatici eccetera.\nQuesta divisione include anche il commercio al dettaglio di prodotti non alimentari (ad esempio, piccoli giocattoli, tatuaggi temporanei e oggettistica varia) tramite distributori meccanici. Questa attività è inclusa in diverse classi della divisione 47 a seconda del prodotto venduto; ad esempio, il commercio al dettaglio di piccoli giocattoli tramite distributori meccanici è classificata nella classe 47.64.\nQuesta divisione include il commercio al dettaglio di autoveicoli e motocicli nuovi e usati, inclusi veicoli elettrici.\nLa classificazione delle attività di commercio al dettaglio avviene in base ai beni commercializzati e non in base alle modalità di vendita (in negozio, online, tramite bancarelle e mercati eccetera). Le attività di commercio al dettaglio sono suddivise in commercio al dettaglio specializzato (gruppi 47.2, 47.3, 47.4, 47.5, 47.6, 47.7, 47.8) e commercio al dettaglio non specializzato (gruppo 47.1).\nIl commercio al dettaglio include il commercio al dettaglio di articoli di seconda mano (classe 47.79). I gruppi di cui sopra sono ulteriormente suddivisi in base alla tipologia di prodotti venduti.\nI servizi di intermediazione per il commercio al dettaglio, che facilitano le transazioni tra acquirenti e venditori per l'ordinazione e/o la consegna di beni e servizi a fronte di un compenso o di una commissione, senza assumere la proprietà dei beni, sono classificati nel gruppo 47.9. Tutte le altre attività di commercio al dettaglio, anche se il dettagliante agisce per nome e per conto terzi, sono classificate nei gruppi 47.2, 47.3, 47.4, 47.5, 47.6, 47.7 e 47.8.\nLe merci vendute in questa divisione sono limitate ai beni normalmente definiti di consumo (consumer goods) o al dettaglio (retail goods). Sono pertanto esclusi i beni che normalmente non sono venduti al dettaglio, come cereali in grani, minerali, macchinari industriali. Sono esclusi anche i servizi di download, ad esempio di libri e video.\nLe regole per classificare le attività di commercio all'ingrosso come commercio all'ingrosso specializzato o non specializzato sono descritte nei paragrafi xx-xx delle linee guida introduttive.\nQuesta divisione include anche le attività di imprese unità che si occupano principalmente della vendita al pubblico, previa esposizione, di beni ad esempio personal computer, articoli di cancelleria, vernici o legname, sebbene questi prodotti non essere destinati all'uso personale o domestico. Il trattamento che di solito viene effettuato nel commercio non modifica le caratteristiche di base della merce e possono comprendere, ad esempio, la selezione, la separazione, la miscelazione e l'imballaggio, la consegna e l'installazione delle merci, nonché la promozione delle vendite per i loro clienti, se fornite dallo stesso commerciante.\nQuesta divisione include anche:\nvendita diretta di prodotti agricoli da parte dei contadini (agricoltori), cfr. divisione 01\nl'attività di fabbricazione o trasformazione di prodotti combinata con il commercio è generalmente classificata nel settore manifatturiero, cfr. divisioni 10, 11, 12, 13, 14, 15, 16, 17, 18, 19, 20, 21, 22, 23, 24, 25, 26, 27, 28, 29, 30, 31, 32\ncommercio di cereali in grani, minerali, petrolio greggio (grezzo), prodotti chimici, prodotti siderurgici e macchine e apparecchiature industriali, cfr. divisione 46\nsomministrazione di cibi e bevande per il consumo immediato e vendita di cibi da asporto, cfr. divisione 56\ncommercio di beni digitali, streaming e download di contenuti su piattaforme digitali, ad esempio e-book, audio, cfr. sezione J\nnoleggio e leasing operativo di autoveicoli o motocicli, cfr. 77.1\nnoleggio e leasing operativo di beni per uso personale e per la casa, cfr. 77.2\ncommercio al dettaglio di carburanti per autotrazione e di prodotti lubrificanti o refrigeranti\nattività di case d'asta al dettaglio di beni di terzi, nuovi o usati, incluse aste al dettaglio su Internet\nattività di unità che forniscono servizi di intermediazione per il commercio al dettaglio specializzato e non specializzato (marketplace) che facilitano le transazioni tra acquirenti e venditori per l'ordinazione e/o la consegna di beni fisici a fronte di un compenso o di una commissione, senza assumere la proprietà dei beni intermediati. Queste attività possono essere svolte su piattaforme digitali o attraverso canali non digitali, cfr. 47.9\nattività di distributori automatici che vendono beni diversi da alimenti e bevande\nattività di distributori automatici che vendono alimenti e bevande preparati dai distributori stessi"
"H","49","divisione","TRASPORTO TERRESTRE E TRASPORTO MEDIANTE CONDOTTE","Questa divisione include il trasporto di passeggeri e merci su strade e ferrovie.\nLe attività includono il trasporto di passeggeri, per motivi personali, professionali o ricreativi, nonché il trasporto di merci su strade, ferrovie o mediante condotte."
"H","50","divisione","TRASPORTO MARITTIMO E PER VIE D'ACQUA INTERNE","Questa divisione include il trasporto per vie d'acqua di passeggeri o merci, di linea e non, per motivi professionali, personali o ricreativi. Sono incluse anche le operazioni di traino o spinta di imbarcazioni, le attività di imbarcazioni per escursioni, crociere o battelli panoramici, traghetti, taxi d'acqua eccetera.\nSebbene la localizzazione delle vie d'acqua sia un indicatore per la separazione tra trasporto marittimo e trasporto per vie d'acqua interne, il fattore decisivo è il tipo di imbarcazione (nave o natante) utilizzata.\nIl trasporto tramite imbarcazioni marittime è classificato nei gruppi 50.1 e 50.2, mentre il trasporto tramite altre imbarcazioni è classificato nei gruppi 50.3 e 50.4.\nservizi di ristorazione e bar a bordo di imbarcazioni se forniti da unità separate, cfr. 56.11, 56.30"
"H","51","divisione","TRASPORTO AEREO","Questa divisione include il trasporto aereo o spaziale di passeggeri o di merci.\nirrorazione aerea delle colture, cfr. 01.61\nriparazione e manutenzione di aeromobili civili o loro motori, cfr. 33.16\nattività di gestione di aeroporti, cfr. 52.23\nrealizzazione di pubblicità aerea (sky-writing), cfr. 73.11\nfotografia aerea, cfr. 74.20\nsorveglianza aerea civile, cfr. 80.09\nsorveglianza aerea militare, cfr. 84.22"
"H","52","divisione","MAGAZZINAGGIO, CUSTODIA E ATTIVITÀ DI SUPPORTO AI TRASPORTI","Questa divisione include il magazzinaggio e le attività di supporto ai trasporti, quali la gestione di infrastrutture, ad esempio aeroporti, porti, gallerie, ponti, le attività delle agenzie di trasporto e dei centri di movimentazione.\nLe attività incluse in questa divisione sono svolte per conto terzi. Se sono forniti servizi connessi esclusivamente a supporto delle attività di trasporto da parte della stessa unità, saranno considerati come attività ausiliarie (o ancillari o accessorie) al trasporto e quindi classificate altrove nella sezione H."
"H","53","divisione","ATTIVITÀ POSTALI E DI CORRIERE",""
"I","55","divisione","SERVIZI DI ALLOGGIO","Questa divisione include la fornitura di alloggi a breve termine per visitatori e altri viaggiatori. L'alloggio può includere pasti, strutture ricreative e altri servizi.\nSono incluse anche le attività di fornitura di altri alloggi di breve durata ad esempio per studenti e lavoratori.\nattività relative alla fornitura di residenze in strutture, ad esempio appartamenti, tipicamente affittati su base annuale, cfr. divisione 68"
"I","56","divisione","SERVIZI DI RISTORAZIONE","Questa divisione include le attività dei servizi di ristorazione che forniscono pasti o bevande per il consumo immediato, in ristoranti tradizionali (vale a dire con servizio al tavolo), self-service o da asporto, in strutture permanenti o temporanee con o senza posti a sedere. L'aspetto decisivo è la fornitura di servizi di ristorazione per il consumo immediato, indipendentemente dal tipo di struttura che li offre.\nproduzione di pasti non preparati per il consumo immediato o prodotti non per essere consumati immediatamente o di cibo preparato che non può essere considerato un pasto completo, cfr. divisioni 10, 11\nvendita di alimenti non prodotti in proprio che non possono essere considerati un pasto o di pasti non pronti adatti al consumo immediato, cfr. sezione G\nattività di distributori di caffè e distributori automatici che vendono alimenti e bevande preparati dai distributori stessi, cfr. divisione 47"
"J","58","divisione","ATTIVITÀ EDITORIALI","Questa divisione include le attività di edizione di libri, opuscoli, volantini, dizionari, enciclopedie, atlanti, mappe e cartine; edizione di giornali, riviste e periodici; elenchi mailing list e altre pubblicazioni, così come l'edizione di software.\nLe attività legate editoriali riguardano l'acquisizione dei diritti d'autore di contenuti (prodotti di informazione) e l'erogazione di tali prodotti al pubblico attivando (o prendendo accordi per) la riproduzione e la distribuzione degli stessi in varie forme. Gli editori possono concedere in licenza i diritti ad altri per distribuire i loro contenuti, oppure possono pubblicare e distribuire i contenuti che creano o possiedono. Sono incluse in questa divisione tutte le possibili forme di editoria (in formato cartaceo, elettronico, digitale, analogico o in qualsiasi altra forma) e le attività editoriali per conto proprio, ad eccezione dell'editoria cinematografica e musicale.\nQuesta divisione copre lo streaming di contenuti, come ad esempio software e libri, da parte degli editori dei contenuti.\nstampa, cfr. 18.11\nriproduzione di massa di supporti registrati, cfr. 18.20\nproduzione cinematografica, video e programmi televisivi, edizione di musica e produzione di registrazioni audio originali, cfr. divisione 59\nottenimento da parte degli editori dei diritti di trasmissione e distribuzione di contenuti, cfr. divisione 60\nattività di programmazione informatica, cfr. divisione 62"
"J","59","divisione","ATTIVITÀ DI PRODUZIONE, POSTPRODUZIONE E DISTRIBUZIONE CINEMATOGRAFICA, DI VIDEO E PROGRAMMI TELEVISIVI, DI REGISTRAZIONI MUSICALI E SONORE","Questa divisione include la produzione di spettacoli cinematografici o di opere audiovisive, sia per la proiezione diretta nelle sale, sia per la trasmissione o la distribuzione in streaming; le attività ausiliarie di post-produzione come il taglio (editing), il montaggio, il doppiaggio o la conversione di film in formati video adatti alla distribuzione in streaming; la distribuzione di film e altre produzioni audiovisive ad altre industrie; così come la proiezione di film o altre produzioni audiovisive. È inclusa anche la compravendita di diritti di distribuzione di film o altre produzioni audiovisive.\nQuesta divisione include anche le attività di registrazione del suono, la produzione di master sonori originali, la loro pubblicazione, promozione e distribuzione, la pubblicazione di musica inclusa la distribuzione diretta al pubblico tramite streaming e download, nonché le attività di supporto per la registrazione del suono in studio o altrove.\ncommercio all'ingrosso e vendita al dettaglio di registrazioni audio e video su supporti fisici, cfr. sezione G\nfornitura di servizi di distribuzione in streaming e download non connessa all'edizione dei contenuti, cfr. divisione 60\nnoleggio video, cfr. sezione O\nattività di musicisti e attori indipendenti, registi, scenografi e attività di supporto per le arti dello spettacolo, cfr. sezione S"
"J","60","divisione","ATTIVITÀ DI PROGRAMMAZIONE, TRASMISSIONE, AGENZIE DI STAMPA E ALTRE ATTIVITÀ DI DISTRIBUZIONE DI CONTENUTI","Questa divisione include le attività di creazione di contenuti o acquisizione dei diritti di distribuzione di contenuti e successiva trasmissione o distribuzione di tali contenuti. I tipi di contenuti prodotti o distribuiti inclusi in questa divisione sono radio, televisione, intrattenimento audio e audiovisivo, notiziari, talk e simili, inclusi i programmi che sono tipicamente di natura ristretta (formato limitato, come notizie, sport, istruzione o contenuti per giovani con una programmazione orientata). La trasmissione o la distribuzione dei contenuti può essere eseguita utilizzando diverse tecnologie, via etere, via satellite, via cavo o via Internet, in streaming o download.\nQuesta divisione include anche la trasmissione di podcast in diretta, la distribuzione on-demand di terze parti di podcast e download registrati e le attività di agenzie di stampa, siti di social network, siti di blog e wiki e siti di giochi/videogiochi online. Il contenuto può essere reso disponibile agli utenti gratuitamente oppure solo su abbonamento o a pagamento.\ncommercio all'ingrosso di registrazioni audio e video su supporti fisici, cfr. divisione 46\ncommercio al dettaglio di registrazioni audio e video su supporti fisici, cfr. divisione 47\npunti vendita al dettaglio di giornali, cfr. divisione 47\nedizione di videogiochi e altri software, cfr. divisione 58\nproduzione di registrazioni audio e audiovisive (inclusi podcast registrati), attività di siti di vlog (video blog) e distribuzione di film, video o opere audiovisive e produzioni simili a sale cinematografiche, reti e stazioni televisive ed esercenti, cfr. divisione 59\ngestione delle reti di trasmissione televisiva via cavo o via satellite, cfr. divisione 61\nfornitura di infrastrutture informatiche e attività di hosting e attività di portali di ricerca web, cfr. divisione 63\nnoleggio di DVD, cfr. divisione 77\nattività di attori indipendenti (inclusi influencer che compaiono in vlog o video blog) e blogger indipendenti, cfr. divisione 90\nattività di siti di gioco d'azzardo, cfr. divisione 92"
"K","61","divisione","TELECOMUNICAZIONI","Questa divisione include le attività di fornitura di telecomunicazioni e attività di servizi connesse, vale a dire trasmissione di voce, dati, testi, audio e video. Gli impianti di trasmissione che svolgono queste attività possono essere basati su un'unica tecnologia o su una combinazione di tecnologie. L'aspetto comune delle attività classificate in questa divisione è la trasmissione di contenuti, senza coinvolgimento nella loro creazione o modifica. Nel caso di trasmissione di segnale televisivo, questa può includere l'unificazione dei palinsesti (creati nella divisione 60) in pacchetti di programmazione pronti per la distribuzione.\nQuesta divisione include anche la fornitura di servizi per le comunicazioni Machine-to-Machine.\nQuesta divisione include anche la trasmissione di dati audio o video senza acquisizione dei diritti sui contenuti audio o video.\nattività di produzione e postproduzione di film, audiovisivi, programmi televisivi e registrazioni sonore, inclusi i servizi per la conversione di contenuti audio e video in formati adatti alla distribuzione in streaming, cfr. divisione 59\nattività di trasmissione e fornitura di servizi di distribuzione di audio e video tramite streaming o download, cfr. divisione 60"
"K","62","divisione","ATTIVITÀ DI PROGRAMMAZIONE, CONSULENZA INFORMATICA E ATTIVITÀ CONNESSE","Questa divisione include attività mirate a fornire servizi specifici nel settore delle tecnologie informatiche: programmazione di computer, codifica, sviluppo di software e applicazioni, servizi di integrazione di sistemi e gestione, inclusa la progettazione della struttura e dei contenuti  e/o scrittura, modifica, personalizzazione, collaudo e supporto di software e applicazioni.\nQuesta divisione include anche le attività di pianificazione e progettazione di sistemi informatici che integrano hardware, software e tecnologie di comunicazione.\nQuesta divisione include anche le attività di gestione e funzionamento on-site dei sistemi informatici e/o delle strutture di elaborazione dati dei clienti.\nQuesta divisione include anche le attività di consulenza in materia di hardware, software e sistemi informatici.\nedizione di software, cfr. divisione 58\nfornitura di siti di giochi online/videogiochi non connessa all'edizione, cfr. divisione 60\nfornitura di infrastrutture informatiche, elaborazione dati e hosting, cfr. divisione 63\nfornitura di servizi finanziari e assicurativi tramite l'utilizzo di software e tecnologie informatiche specializzate in tali settori, cfr. sezione L\nattività di siti di gioco d'azzardo, cfr. divisione 92\nriparazione e manutenzione di computer e apparecchiature di comunicazione, cfr. sezione T"
"K","63","divisione","INFRASTRUTTURE INFORMATICHE, ELABORAZIONE DATI, HOSTING E ALTRI SERVIZI DI INFORMAZIONE","Questa divisione include la fornitura di infrastrutture informatiche, elaborazione dati e attività di hosting, nonché attività di portali di ricerca web e altre attività dei servizi di informazione.\nedizione di software, cfr. divisione 58\nattività di agenzie di stampa e fornitura di siti di giochi/videogiochi online, non connesse all'edizione, cfr. divisione 60\nattività di telecomunicazioni, cfr. divisione 61\nattività di programmazione informatica, progettazione di sistemi informatici e gestione di strutture informatiche, cfr. divisione 62\nattività di siti di gioco d'azzardo, cfr. divisione 92\nriparazione e manutenzione di computer e apparecchiature per le comunicazioni, cfr. divisione 95"
"L","64","divisione","ATTIVITÀ DEI SERVIZI FINANZIARI, ESCLUSE LE ASSICURAZIONI E I FONDI PENSIONE","Questa divisione include le attività mirate a raccogliere e distribuire (fornire) fondi (escluse assicurazioni, fondi pensione e assicurazione sociale obbligatoria).\nQuesta divisione include anche le attività di detenzione di attività finanziarie, ad esempio le attività delle società di partecipazione (holding) e dei conduit di finanziamento e le attività di trust, fondi ed entità finanziarie simili, che non sono considerate attività economiche secondo il principio della NACE di copertura della produzione economica. Le unità classificate nei gruppi 64.2 e 64.3 di solito non hanno infatti ricavi dalla vendita di prodotti né impiegano personale (cfr. paragrafi xx-xx delle linee guida introduttive) ma sono comunque inserite all'interno della classificazione NACE per facilitare la classificazione di tali unità nei registri statistici delle imprese.\nattività di istituzioni di promozione per lo sviluppo economico attraverso investimenti a lungo termine a livello locale, regionale e nazionale, a condizione che agiscano per conto del governo per l'esecuzione di un mandato di politica pubblica, cfr. 84.13"
"L","65","divisione","ASSICURAZIONI, RIASSICURAZIONI E FONDI PENSIONE, ESCLUSE LE ASSICURAZIONI SOCIALI OBBLIGATORIE","Questa divisione include la sottoscrizione di rendite e polizze assicurative, ad esempio assicurazioni dirette sulla vita e danni, nonché l'investimento dei premi per la costituzione di un portafoglio di attività finanziarie da utilizzare per il pagamento di indennizzi (a fronte di sinistri futuri). È inclusa l'erogazione di servizi di assicurazione diretta, le attività dei fondi pensione e i servizi di riassicurazione.\nfornitura di servizi assicurativi su base remunerativa o contrattuale (per conto terzi), cfr. divisione 66"
"L","66","divisione","ATTIVITÀ AUSILIARIE DEI SERVIZI FINANZIARI E DELLE ATTIVITÀ ASSICURATIVE","Questa divisione include la fornitura di servizi strettamenti connessi o di supporto alle transazioni finanziarie di attività e passività finanziarie, senza assumere la proprietà delle attività e passività finanziarie oggetto della transazione.\nQuesti servizi possono essere forniti tramite diversi canali, incluso Internet."
"M","68","divisione","ATTIVITÀ IMMOBILIARI",""
"N","69","divisione","ATTIVITÀ LEGALI E DI CONTABILITÀ","Questa divisione include la rappresentanza legale (difesa) degli interessi di una parte nei confronti di un'altra parte, davanti a tribunali o altri organi giudiziari effettuata da persone abilitate a esercitare la professione forense o sotto la loro supervisione, come ad esempio l'assistenza e rappresentanza nei processi civili, l'assistenza e rappresentanza nei processi penali, l'assistenza e rappresentanza in materia di controversie del lavoro.\nLe attività incluse in questa divisione possono essere fornite anche online.\nÈ inoltre inclusa la preparazione di documenti legali quali atti costitutivi o statuti, accordi di collaborazione o documenti simili inerenti alla costituzione di società, brevetti e diritti d'autore, redazione di atti legali, testamenti, atti fiduciari eccetera oltre ad altre attività notarili, di ufficiali giudiziari e di arbitrato, esaminatori e arbitri (conciliazione).\nSono incluse anche attività di studi commerciali e tributari, come ad esempio revisione di documenti contabili, elaborazione di documenti finanziari e attività di contabilità."
"N","70","divisione","ATTIVITÀ DI HOLDING OPERATIVE E CONSULENZA GESTIONALE","Questa divisione include le attività di consulenza e di assistenza a imprese e ad altre organizzazioni in materia gestionale e, in particolare, in materia di: pianificazione strategica e organizzativa; pianificazione finanziaria e di bilancio; obiettivi e politiche di marketing; politiche, strategie e pratiche di gestione delle risorse umane; programmazione della produzione, pianificazione e controllo della gestione aziendale.\nSono incluse anche le attività di supervisione e di gestione di altre unità della stessa impresa o del gruppo di imprese, vale a dire attività gestionali svolte da holding operative."
"N","71","divisione","ATTIVITÀ DI ARCHITETTURA E INGEGNERIA; COLLAUDI E ANALISI TECNICHE","Questa divisione include le attività di architettura, ingegneria, di stesura di progetti, di ispezione edile e le attività di indagine e mappatura.\nSono incluse anche le attività relative ai collaudi fisici, chimici e altri servizi analitici e la fornitura di servizi di certificazione tecnica."
"N","72","divisione","RICERCA SCIENTIFICA E SVILUPPO","Questa divisione include le attività di ricerca di base, ricerca applicata e sviluppo sperimentale.\nRicerca di base: lavoro sperimentale o teorico svolto principalmente per acquisire nuove conoscenze sui fondamenti dei fenomeni e dei fatti osservabili, non finalizzato ad una specifica applicazione o utilizzazione.\nRicerca applicata: lavoro originale svolto per acquisire nuove conoscenze e finalizzato principalmente ad una pratica e specifica applicazione.\nSviluppo sperimentale: lavoro sistematico, basato sulle conoscenze esistenti acquisite attraverso la ricerca e/o l'esperienza pratica, condotto al fine di produrre, sviluppare nuovi materiali, prodotti e apparecchi, di installare nuovi processi, sistemi e servizi e di migliorare sostanzialmente quelli già prodotti o installati.\nLe attività di ricerca e sviluppo sperimentale di questa divisione non devono essere considerate come attività accessorie (o ancillari). Sono suddivise nelle due seguenti categorie: scienze naturali e dell'ingegneria; scienze sociali e umanistiche.\nQuesta divisione include anche le attività di sviluppo e produzione di prototipi con l'obiettivo primario di apportare ulteriori miglioramenti, associate o meno all'attività di produzione.\nricerche di mercato e sondaggi di opinione, cfr. 73.20"
"N","73","divisione","ATTIVITÀ DI PUBBLICITÀ, RICERCHE DI MERCATO E PUBBLICHE RELAZIONI","Questa divisione include la creazione di campagne pubblicitarie e la collocazione (intesa come strategia di diffusione) di tali pubblicità in periodici, giornali, radio, televisione e Internet, o altri mezzi di informazione, nonché l'ideazione di strutture e spazi espositivi.\nQueste attività pubblicitarie sono spesso fornite da agenzie pubblicitarie e da concessionarie pubblicitarie.\nQuesta divisione include anche ricerche di mercato e di opinione, ad esempio in merito a atteggiamenti, valori e comportamenti della popolazione e di vari gruppi socio-demografici e socio-economici in relazione a questioni economiche, sociali e politiche. Include anche le attività di pubbliche relazioni e comunicazione.\nle attività in cui il reddito è generato dalla pubblicità sono classificate in base all'attività effettiva, ad esempio la pubblicazione di giornali pubblicitari\nvendita di tempi e spazi pubblicitari direttamente da parte degli stessi proprietari (editori eccetera), cfr. classe corrispondente"
"N","74","divisione","ALTRE ATTIVITÀ PROFESSIONALI, SCIENTIFICHE E TECNICHE","Questa divisione include la fornitura di servizi professionali, scientifici e tecnici (escluse attività legali e di contabilità, attività di architettura e ingegneria, collaudi e analisi tecniche, attività di gestione e consulenza amministrativo-gestionale, attività di ricerca e sviluppo e pubblicità)."
"N","75","divisione","SERVIZI VETERINARI","Questa divisione include le attività di cura e controllo della salute del bestiame o degli animali da compagnia. Tali attività sono svolte da veterinari in cliniche veterinarie o presso fattorie, canili o ricoveri per animali, ambulatori veterinari, o in altri luoghi.\nSono inclusi anche i servizi di ambulanze per animali (ambulanze veterinarie)."
"O","77","divisione","ATTIVITÀ DI NOLEGGIO E LEASING OPERATIVO","Questa divisione include il noleggio e il leasing di beni materiali e immateriali non finanziari e le attività di intermediazione per il noleggio e il leasing. Con riguardo alle attività di leasing, è inclusa in questa divisione solo la fornitura di leasing operativo. L'affittuario o locatore assume il rischio economico per i beni materiali e le attività immateriali non finanziarie fornite, mentre l'intermediario non assume alcun rischio economico per i beni materiali e le attività immateriali non finanziarie intermediate. In questa divisione, un'ampia gamma di beni materiali, come ad esempio, automobili, computer, beni di consumo, macchine e apparecchiature industriali, viene fornita ai clienti in cambio di un canone periodico di locazione o di leasing.\nnoleggio di attrezzature con operatore (manovratore), cfr. classi corrispondenti in base alle attività effettuate, ad esempio costruzioni (sezione F), trasporti (sezione H)\nstreaming di contenuti, come ad esempio software e libri, da parte degli editori dei contenuti, cfr. divisione 58\nattività di streaming di audiolibri non connesse all'edizione, cfr. 60.10\nleasing finanziario, cfr. 64.91\naffitto di immobili, cfr. sezione M"
"O","78","divisione","ATTIVITÀ DI RICERCA, SELEZIONE, FORNITURA DI PERSONALE","Questa divisione include le attività di selezione di personale non dipendente da agenzie di collocamento, attività di fornitura di personale da impiegare temporaneamente presso altre imprese a supporto della forza lavoro vigente in queste ultime, nonché le attività di fornitura di altre risorse umane o servizi di gestione di risorse umane per altre imprese.\nQuesta divisione include:\nattività di ricerca e collocamento di personale\nattività di agenzie di casting teatrale\nattività di agenzie di collocamento\nattività di headhunting (vale a dire ricerca e selezione di personale altamente qualificato)\nattività di agenti per conto di artisti indipendenti, cfr. 74.99"
"O","79","divisione","ATTIVITÀ DI AGENZIE DI VIAGGIO, TOUR OPERATOR E ALTRI SERVIZI DI PRENOTAZIONE E ATTIVITÀ CONNESSE","Questa divisione include le attività delle agenzie, impegnate principalmente nella vendita e nella gestione di pacchetti di viaggio preconfezionati o personalizzati che includono servizi di trasporto, alloggio, divertimento e intrattenimento, visite guidate e altri servizi per il pubblico e per clienti commerciali, nonché le attività di organizzazione e assemblaggio di tour venduti attraverso le agenzie di viaggio o direttamente da agenti come i tour operator; e altri servizi legati ai viaggi, inclusi servizi di prenotazione.\nQuesta divisione include anche attività delle guide turistiche e di promozione turistica, e servizi di intermediazione turistica.\nservizi di intermediazione per il solo trasporto di passeggeri, cfr. 52.32\nservizi di intermediazione per il solo alloggio, cfr. 55.40\nservizi di intermediazione per servizi di ristorazione, cfr. 56.40\nservizi di intermediazione per il noleggio di automobili, autocaravan e rimorchi, cfr. 77.51\nservizi di intermediazione per biglietti di spettacoli di intrattenimento, sportivi e teatrali, cfr. 82.40"
"O","80","divisione","ATTIVITÀ DI INVESTIGAZIONE E VIGILANZA","Questa divisione include i servizi legati alla sicurezza:\nservizi di investigazione in ambito privato, commerciale, aziendale, assicurativo e penale per l'esercizio dei diritti in tribunale\nservizi di scorta e pattugliamento\ntrasporto (ritiro e consegna) di denaro, ricevute o altri oggetti di valore tramite personale e attrezzature per la protezione di tali beni durante il trasporto\nservizi di sistemi di sicurezza e gestione di sistemi elettronici di allarme, ad esempio allarmi antifurto e rilevatori di incendio, servizi di monitoraggio a distanza (da remoto) e sistemi di videosorveglianza, dove l'attività prevalente è il monitoraggio a distanza di questi sistemi, ma spesso include anche servizi di vendita, installazione e riparazione\nattività di sicurezza informatica, cfr. divisione 62\nservizi di vigilanza per la prevenzione e la sicurezza delle persone in occasione di eventi pubblici e in luoghi aperti al pubblico\nservizi di sicurezza forniti con automobili blindate"
"O","81","divisione","ATTIVITÀ DI SERVIZI PER EDIFICI E PER LA CURA DEL PAESAGGIO","Questa divisione include la fornitura di una serie di servizi di supporto generale.\nfornitura di una serie di servizi di supporto combinati presso le strutture dei clienti\npulizia interna ed esterna di edifici di ogni tipo\npulizia di macchinari industriali, pulizia di treni, autobus, aerei eccetera\npulizia interna delle cisterne per trasporti su strada e marittimi\nattività di disinfezione e disinfestazione di edifici, navi, treni eccetera\npulizia di bottiglie\npulizia delle strade\nrimozione di neve e ghiaccio\nservizi di tutela, cura e manutenzione del paesaggio"
"O","82","divisione","ATTIVITÀ AMMINISTRATIVE, DI SUPPORTO PER LE FUNZIONI DI UFFICIO E ALTRI SERVIZI DI SUPPORTO ALLE IMPRESE","Questa divisione include la fornitura di una serie di servizi di amministrazione ordinaria per le funzioni d'ufficio, nonché funzioni di supporto aziendale per conto terzi, su base remunerativa o contrattuale (per conto terzi).\nQuesta divisione include anche tutti gli altri servizi di supporto forniti prevalentemente alle imprese e/o istituzioni non classificati altrove."
"P","84","divisione","AMMINISTRAZIONE PUBBLICA E DIFESA; ASSICURAZIONE SOCIALE OBBLIGATORIA",""
"Q","85","divisione","ISTRUZIONE",""
"R","86","divisione","ATTIVITÀ DI ASSISTENZA SANITARIA","Questa divisione include le attività di assistenza sanitaria in regime di ricovero a breve o lungo termine, di tipo medico o chirurgico, offerte da ospedali, preventori, case di cura, ospedali psichiatrici, centri di riabilitazione e altre istituzioni sanitarie che dispongono di strutture residenziali e che si occupano di fornire diagnosi e cure mediche di vario tipo principalmente a pazienti ricoverati.\nQuesta divisione include anche il consulto e trattamento medico nel campo della medicina generale e specialistica da parte di medici generici, medici specialisti e chirurghi.\nSono incluse le attività di assistenza odontoiatrica, generica o specialistica, incluse attività di ortodonzia.\nInoltre, questa divisione include le attività mediche, curative, riabilitative o di prevenzione fornite da personale paramedico e sanitario non erogate da ospedali o medici praticanti.\nQuesta divisione include anche altre attività di assistenza sanitaria, come le attività di laboratori medici, banche del sangue, banche del seme, banche degli organi per trapianti, incluse attività di raccolta, trattamento, conservazione e spedizione.\nservizi veterinari, cfr. 75.00"
"R","87","divisione","ATTIVITÀ DI ASSISTENZA RESIDENZIALE","Questa divisione include la fornitura di assistenza residenziale combinata con assistenza infermieristica, supervisione o altri tipi di assistenza, a seconda delle esigenze dei residenti. L'assistenza residenziale include un insieme di servizi sanitari (per la salute umana) e sociali, dove i servizi sanitari sono rappresentati prevalentemente da un certo livello di servizi infermieristici. Le attività di assistenza residenziale sono fornite ai residenti, anche temporanei, di strutture.\nQuesta divisione include anche le attività di centri di assistenza residenziale (che forniscono regolarmente assistenza residenziale in luoghi appositamente costruiti o dedicati a specifici gruppi di utenza). Le attività sono classificate in base ai gruppi di utenza serviti (bambini sotto i tre anni, anziani, persone con disabilità fisiche eccetera).\nattività di assistenza infermieristica non residenziale, cfr. 86.94\nattività di assistenza non residenziale, cfr. divisione 88"
"R","88","divisione","ATTIVITÀ DI ASSISTENZA SOCIALE NON RESIDENZIALE","Questa divisione include la fornitura di una varietà di servizi di assistenza sociale direttamente agli utenti. Le attività di questa divisione non includono i servizi residenziali eccetto quelli temporanei."
"S","90","divisione","ATTIVITÀ DI CREAZIONE ARTISTICA E RAPPRESENTAZIONI ARTISTICHE","Questa divisione include le attività di creazione artistica e di realizzazione di spettacoli, la gestione di strutture e spazi per soddisfare interessi culturali e di intrattenimento. Sono incluse la produzione e la promozione di spettacoli dal vivo, eventi o mostre destinati al pubblico, la fornitura di competenze artistiche, creative o tecniche per la produzione di prodotti artistici, spettacoli dal vivo ed eventi.\nproduzione e distribuzione di film e video, cfr. 59.11, 59.12, 59.13\nproiezione di film, cfr. 59.14\ntrasmissioni radiotelevisive e di dati, cfr. 60.1, 60.2\nattività fotografiche, cfr. 74.20\neducazione culturale (insegnamento non accademico di musica, pittura, recitazione, danza, eccetera), cfr. 85.52\ngestione di musei di ogni tipo, siti e monumenti archeologici e storici, biblioteche, archivi, giardini botanici e zoologici; conservazione di luoghi storici; attività di conservazione di siti storici; attività di riserve naturali, cfr. divisione 91\nconservazione e restauro del patrimonio culturale, cfr. 91.3\nattività di giochi d'azzardo e scommesse, cfr. divisione 92\nattività sportive, di intrattenimento e divertimento, cfr. divisione 93"
"S","91","divisione","ATTIVITÀ DI BIBLIOTECHE, ARCHIVI, MUSEI E ALTRE ATTIVITÀ CULTURALI","Questa divisione include le attività di biblioteche e archivi; la gestione di musei e collezioni del patrimonio culturale e storico di ogni tipo, inclusi documenti di biblioteca e d'archivio, di giardini botanici e zoologici; la gestione di siti o edifici archeologici e storici e di riserve naturali.\nSono incluse le attività di identificazione, raccolta, inventario, conservazione-restauro e la mediazione del patrimonio culturale o naturale, materiale e immateriale.\nSono incluse anche le attività di conservazione ed esposizione di oggetti, luoghi e meraviglie naturali di interesse storico, culturale o educativo (ad esempio, luoghi del patrimonio mondiale).\nfabbricazione di strumenti musicali, cfr. 32.20\nrinnovo, ripristino, ricostruzione e ammodernamento di luoghi ed edifici storici e archeologici, cfr. sezione F\ncommercio al dettaglio di dipinti e sculture (ad esempio, attività delle gallerie d'arte commerciali), cfr. 47.69\ncommercio al dettaglio di beni di seconda mano, cfr. 47.79\nattività di trasporto e magazzinaggio, cfr. divisione 52\nattività assicurative, cfr. divisione 66\naste giudiziarie, cfr. 69.10\nattività di architettura di supporto alla conservazione e al restauro di beni del patrimonio culturale, cfr. 71.11\nattività di ricerca, scienze della conservazione dedicate al patrimonio culturale, cfr. divisione 72\nattività di guida turistica, cfr. 79.90\nattività sportive, di intrattenimento e divertimento, come ad esempio la gestione di stabilimenti balneari e parchi ricreativi, cfr. divisione 93\nriparazione di strumenti musicali non considerati patrimonio culturale e storico, cfr. 95.29"
"S","92","divisione","ATTIVITÀ DI SCOMMESSE, LOTTERIE E ALTRI GIOCHI D'AZZARDO","Questa divisione include la gestione di strutture per il gioco d'azzardo come casinò, sale bingo, sale di slot machine, e la fornitura di servizi connessi, come lotterie e scommesse fuori pista.\nI giochi d'azzardo e le scommesse possono essere svolti in strutture dedicate o online."
"S","93","divisione","ATTIVITÀ SPORTIVE, DI INTRATTENIMENTO E DIVERTIMENTO","Questa divisione include le attività sportive intese come qualsiasi forma di attività fisica intrapresa, occasionalmente o in modo organizzato e partecipativo, con l'obiettivo di esprimere e migliorare la forma fisica e il benessere mentale, nonché di stabilire legami sociali o raggiungere risultati in competizioni a tutti i livelli.\nQuesta divisione include lo svolgimento di attività di intrattenimento e divertimento (escluse attività museali, di conservazione di siti storici, di giardini botanici e zoologici e di riserve naturali e attività di gioco d'azzardo e scommesse).\nQuesta classe include l'organizzazione di eventi sportivi.\narti drammatiche, musica e altre arti e forme d'intrattenimento, come la produzione di rappresentazioni teatrali dal vivo, concerti, produzioni liriche (opera) o esibizioni di danza e altre produzioni sceniche, cfr. divisione 90"
"T","94","divisione","ATTIVITÀ DELLE ORGANIZZAZIONI ASSOCIATIVE","Questa divisione include le attività di organizzazioni che rappresentano gli interessi di gruppi specifici o che promuovono idee all'attenzione pubblica. Solitamente queste organizzazioni sono formate da un gruppo di membri, ma le loro attività possono coinvolgere e favorire anche i non iscritti. La divisione è ripartita in prima istanza in base allo scopo primario che queste organizzazioni perseguono, vale a dire gli interessi di datori di lavoro, lavoratori autonomi e gruppi professionali (gruppo 94.1), gli interessi di lavoratori dipendenti (gruppo 94.2), o la promozione di idee e attività religiose, politiche, culturali, educative o ricreative (gruppo 94.9)."
"T","95","divisione","RIPARAZIONE E MANUTENZIONE DI COMPUTER, BENI PER USO PERSONALE E PER LA CASA, AUTOVEICOLI E MOTOCICLI","Questa divisione include le attività di riparazione e manutenzione di computer e unità periferiche, di apparecchiature per le comunicazioni e di prodotti di elettronica di consumo, di elettrodomestici e di articoli per il giardinaggio, di calzature e articoli in pelle, mobili e oggetti di arredamento per la casa, articoli di abbigliamento, articoli sportivi, strumenti musicali, altri beni per uso personale e per la casa, e le attività di riparazione e manutenzione di autoveicoli e motocicli.\nmanutenzione e riparazione specializzata di macchinari e attrezzature industriali, commerciali e simili non utilizzati da famiglie e convivenze, cfr. divisione 33"
"T","96","divisione","ATTIVITÀ DI SERVIZI ALLA PERSONA","Questa divisione include tutti i servizi alla persona non altrove menzionati nella classificazione. In particolare, sono inclusi i servizi di lavanderia e pulitura (a secco) di articoli tessili e in pelliccia, i servizi degli acconciatori e altri trattamenti estetici, i servizi di pompe funebri e le attività connesse."
"U","97","divisione","ATTIVITÀ DI FAMIGLIE E CONVIVENZE COME DATORI DI LAVORO PER PERSONALE DOMESTICO","Questa divisione include solo le attività di famiglie e convivenze come datori di lavoro per personale domestico.\nLa produzione di queste attività è considerata produzione nel Sistema dei Conti Nazionali; per tale motivo e per soddisfare le esigenze di alcune rilevazioni statistiche questa divisione è stata inclusa nella NACE Rev. 2.1 e quindi nella classificazione ATECO. Le stesse attività, se svolte da fornitori di servizi indipendenti (in contrapposizione al personale domestico impiegato e retribuito da famiglie o convivenze), non sono classificate in questa divisione: ad esempio, le attività di baby-sitting sono classificate nella classe 88.91, i servizi di lavaggio e pulitura di prodotti tessili nella classe 96.10, le attività dei parcheggiatori indipendenti nella classe 96.91, eccetera.\nQuesta divisione include anche attività di condomini come datori di lavoro per personale domestico."
"U","98","divisione","PRODUZIONE DI BENI E DI SERVIZI INDIFFERENZIATI PER USO PROPRIO DA PARTE DI FAMIGLIE E CONVIVENZE","Questa divisione include le attività di produzione di beni e servizi indifferenziati per uso proprio da parte di famiglie e convivenze.\nSono incluse unicamente le attività di famiglie e convivenze per le quali è impossibile identificare un'attività principale fra le attività di sussistenza della famiglia. Se la famiglia è impegnata in un'attività produttiva di mercato, la sua produzione deve essere classificata in base all'attività di mercato principale da essa svolta."
"V","99","divisione","ATTIVITÀ DI ORGANIZZAZIONI E ORGANISMI EXTRATERRITORIALI",""
